{"tfjsVersion":"1.3.1","tmVersion":"2.4.7","packageVersion":"0.8.4-alpha2","packageName":"@teachablemachine/image","timeStamp":"2024-12-12T09:44:30.450Z","userMetadata":{},"modelName":"tm-my-image-model","labels":["Acer Laptop","Acer Aspire 3","Acer Aspire 5","Acer Aspire 7","Acer Nitro 5","Acer Predator","Acer Swift","Alienware Laptop","Aorus Laptop","Asus Laptop","Asus Chromebook","Asus Eebook","Asus Expertbook","Asus Rog Flow","Asus Rog Strix","Asus Tuf","Asus VivoBook","Asus Zeenbook","Asus Zephrus","Avita Laptop","Dell Laptop","Dell 14 series","Dell G15 Series","Dell inspiron","Dell vostro","HP Laptop","HP 15s","HP Chromebook","HP Envy","HP Omen","HP Pavilion","HP SPECTRE","Infinix InBook","Lenovo Laptop","Lenovo Ideapad Series","Lenovo Ideapad 3","Lenovo Idepad 5","Lenovo Ideapad  flex","Lenovo Ideapad Gaming","Lenovo Ideapad Slim","Lenovo Legion","Lenovo Thinkbook","Lenovo Yoga","LG Laptop","Macbook Laptop","Xiomi Mi Laptop","MSI Laptop","MSI G Series","MSI Modern","MSI Prestige","Nokia Purebook","Realme Book","Redmi Book","Samsung Book","Vaio Laptop"],"imageSize":224}